0,0.5225811004638672,0.33790138363838196,7.933204670962368e-08
0,0.5091148614883423,0.32858356833457947,-0.005427722819149494
0,0.4984028935432434,0.31213808059692383,-0.008675875142216682
0,0.49159055948257446,0.29604676365852356,-0.011600562371313572
0,0.4857385456562042,0.2829887270927429,-0.014453800395131111
0,0.5072417259216309,0.2822602689266205,-0.005006113555282354
0,0.5032728314399719,0.2579803168773651,-0.009482232853770256
0,0.5013530254364014,0.24197101593017578,-0.01313230860978365
0,0.5003187656402588,0.22822949290275574,-0.015745006501674652
0,0.5157754421234131,0.2780021131038666,-0.005574345588684082
0,0.5151170492172241,0.2504720687866211,-0.009554356336593628
0,0.5145338773727417,0.23180687427520752,-0.013061001896858215
0,0.5141000747680664,0.21582257747650146,-0.015600765123963356
0,0.5237601399421692,0.2797861695289612,-0.006935465149581432
0,0.5241115689277649,0.2545974552631378,-0.011073168367147446
0,0.5235501527786255,0.23786622285842896,-0.014289995655417442
0,0.5223761796951294,0.22398501634597778,-0.016388846561312675
0,0.5313228368759155,0.2859782874584198,-0.008761540986597538
0,0.5350388288497925,0.2671983242034912,-0.01218395121395588
0,0.5363932847976685,0.2538348436355591,-0.014090764336287975
0,0.5367296934127808,0.24159970879554749,-0.015340185724198818
1,0.5220207571983337,0.3405776619911194,9.361739472524278e-08
1,0.5087024569511414,0.3302386701107025,-0.005214563105255365
1,0.4982282221317291,0.3130112886428833,-0.007978004403412342
1,0.4907328188419342,0.29806333780288696,-0.01035895012319088
1,0.48489370942115784,0.2852206826210022,-0.012623081915080547
1,0.5067892074584961,0.2824941575527191,-0.0039468673057854176
1,0.5029204487800598,0.25823721289634705,-0.00825047492980957
1,0.5013228058815002,0.24242748320102692,-0.011887660250067711
1,0.5006389021873474,0.22880341112613678,-0.014476674608886242
1,0.5153167843818665,0.278798907995224,-0.004632377531379461
1,0.514823317527771,0.2513241469860077,-0.008156669326126575
1,0.5143724083900452,0.23286961019039154,-0.01148604229092598
1,0.5138673186302185,0.21706673502922058,-0.01392331998795271
1,0.5232422947883606,0.28062936663627625,-0.006170512177050114
1,0.5239141583442688,0.2547178566455841,-0.01019617635756731
1,0.5233508944511414,0.23816460371017456,-0.013041365891695023
1,0.522257924079895,0.22395476698875427,-0.014950897544622421
1,0.5305752158164978,0.2870900332927704,-0.008158961310982704
1,0.5340980291366577,0.2680653929710388,-0.011836622841656208
1,0.535433828830719,0.25496694445610046,-0.013442236930131912
1,0.5358729958534241,0.24281468987464905,-0.014428602531552315
2,0.5212113857269287,0.34317630529403687,9.0108130734734e-08
2,0.5079033374786377,0.3330877125263214,-0.0052305287681519985
2,0.4976763427257538,0.3156079351902008,-0.007924106903374195
2,0.49058401584625244,0.3000370264053345,-0.010261092334985733
2,0.4845883846282959,0.2870478332042694,-0.012510035187005997
2,0.5063849091529846,0.284943550825119,-0.0038237592671066523
2,0.5026245713233948,0.26077136397361755,-0.0081407455727458
2,0.5011289119720459,0.24508607387542725,-0.01174940075725317
2,0.5005367994308472,0.23136886954307556,-0.014338377863168716
2,0.5148738622665405,0.28120309114456177,-0.004546702839434147
2,0.5144451856613159,0.25356319546699524,-0.008108215406537056
2,0.5142394304275513,0.2353096306324005,-0.011354960501194
2,0.5139999985694885,0.21956399083137512,-0.013736112043261528
2,0.5226738452911377,0.2832142114639282,-0.006158776581287384
2,0.523421049118042,0.2573778033256531,-0.010255076922476292
2,0.5229483842849731,0.24087262153625488,-0.013022677972912788
2,0.5219559669494629,0.2263759970664978,-0.014889498241245747
2,0.5299924612045288,0.289835661649704,-0.008239598013460636
2,0.5337110161781311,0.2709767818450928,-0.011961252428591251
2,0.5352473258972168,0.2580752372741699,-0.01353701576590538
2,0.535816490650177,0.24598290026187897,-0.014530039392411709
3,0.5210093259811401,0.3454633355140686,9.203100148624799e-08
3,0.5077415108680725,0.3352507948875427,-0.005483957473188639
3,0.4972962737083435,0.31725654006004333,-0.008284167386591434
3,0.4900275468826294,0.301706463098526,-0.010638264939188957
3,0.4838505983352661,0.2890530228614807,-0.012864561751484871
3,0.5058053135871887,0.28647738695144653,-0.004068984184414148
3,0.501735508441925,0.2618774473667145,-0.008270412683486938
3,0.5002695322036743,0.24622702598571777,-0.011789479292929173
3,0.49982163310050964,0.23266050219535828,-0.01431205403059721
3,0.5144281983375549,0.2827374041080475,-0.004645257722586393
3,0.5141013860702515,0.2553079128265381,-0.008088191039860249
3,0.5138851404190063,0.23696182668209076,-0.011343706399202347
3,0.5136033296585083,0.22108712792396545,-0.013765477575361729
3,0.5222128629684448,0.28480324149131775,-0.006117388606071472
3,0.5231410264968872,0.2591051459312439,-0.01005959790199995
3,0.522774875164032,0.2425432652235031,-0.01289012748748064
3,0.5218479633331299,0.22795313596725464,-0.014858712442219257
3,0.5293819308280945,0.29133573174476624,-0.008075665682554245
3,0.5330197811126709,0.27268242835998535,-0.011679117567837238
3,0.5345463156700134,0.25970160961151123,-0.0132942795753479
3,0.5351945757865906,0.2473830282688141,-0.014357872307300568
4,0.5206452012062073,0.34553149342536926,9.206696915953216e-08
4,0.5075157284736633,0.3351835608482361,-0.005031348206102848
4,0.49684298038482666,0.3182423710823059,-0.007747736293822527
4,0.4895693063735962,0.3035406470298767,-0.010089435614645481
4,0.4838034212589264,0.29083961248397827,-0.012322158552706242
4,0.5050175786018372,0.28747284412384033,-0.003993695136159658
4,0.5011312961578369,0.2631629407405853,-0.008121929131448269
4,0.4996466040611267,0.24765877425670624,-0.011564641259610653
4,0.49908483028411865,0.2341821789741516,-0.014047983102500439
4,0.513420820236206,0.28376996517181396,-0.004732721019536257
4,0.5130928158760071,0.256306529045105,-0.008120196871459484
4,0.5129528045654297,0.2382700890302658,-0.011272044852375984
4,0.5127895474433899,0.22271212935447693,-0.013638254255056381
4,0.5211583375930786,0.2858014404773712,-0.0063002523966133595
4,0.5219648480415344,0.26000848412513733,-0.010207521729171276
4,0.5216882228851318,0.24368807673454285,-0.012980080209672451
4,0.5209383964538574,0.22951042652130127,-0.014925334602594376
4,0.5284367203712463,0.29241687059402466,-0.008305318653583527
4,0.5320621728897095,0.27380168437957764,-0.011922257021069527
4,0.5336710214614868,0.2609064280986786,-0.013534456491470337
4,0.5344559550285339,0.2487138956785202,-0.014589600265026093
5,0.5207251906394958,0.34541502594947815,9.421185609426175e-08
5,0.5075631141662598,0.3349670469760895,-0.005143575835973024
5,0.4970230162143707,0.3184477984905243,-0.007938224822282791
5,0.48976999521255493,0.30318498611450195,-0.010359722189605236
5,0.4835026264190674,0.29089412093162537,-0.01267651654779911
5,0.5051023364067078,0.28778180480003357,-0.003863115096464753
5,0.5011892318725586,0.26380589604377747,-0.008062198758125305
5,0.4996913969516754,0.2480662763118744,-0.011653123423457146
5,0.49903473258018494,0.23427146673202515,-0.0142747163772583
5,0.513454020023346,0.2835914194583893,-0.0045678564347326756
5,0.5130265951156616,0.25621703267097473,-0.00792786292731762
5,0.512787938117981,0.23829485476016998,-0.011122068390250206
5,0.5125297904014587,0.22302454710006714,-0.01354269776493311
5,0.5211416482925415,0.2854052186012268,-0.00612057326361537
5,0.5219575762748718,0.25992679595947266,-0.009950720705091953
5,0.5215039253234863,0.24346446990966797,-0.012646058574318886
5,0.5205766558647156,0.22932572662830353,-0.014582451432943344
5,0.5284028649330139,0.29202255606651306,-0.008138961158692837
5,0.5320727825164795,0.27394863963127136,-0.011660698801279068
5,0.5334899425506592,0.26117104291915894,-0.013181176036596298
5,0.5340390205383301,0.24919083714485168,-0.01420011930167675
6,0.5127964615821838,0.3468821942806244,9.29021055640078e-08
6,0.5025785565376282,0.3284987807273865,-0.003353704232722521
6,0.4965748190879822,0.3054337799549103,-0.004792243707925081
6,0.4937933683395386,0.2878701686859131,-0.006310122553259134
6,0.49137917160987854,0.2740282118320465,-0.007970927283167839
6,0.5127585530281067,0.2795407176017761,-0.0016103647649288177
6,0.5156368017196655,0.2546534538269043,-0.005326977930963039
6,0.5164393186569214,0.2382730096578598,-0.008923383429646492
6,0.5167274475097656,0.22387371957302094,-0.011650570668280125
6,0.5193715691566467,0.28119975328445435,-0.0029534425120800734
6,0.5250157117843628,0.2548232078552246,-0.006036633625626564
6,0.5277919769287109,0.2369564026594162,-0.009250770322978497
6,0.5296310782432556,0.221286803483963,-0.011786925606429577
6,0.5243703126907349,0.2864331305027008,-0.005044994410127401
6,0.5299562811851501,0.2619534730911255,-0.008325989358127117
6,0.5321277379989624,0.2440413236618042,-0.010674561373889446
6,0.5332476496696472,0.22844421863555908,-0.012417472898960114
6,0.5282180905342102,0.29527708888053894,-0.007561252452433109
6,0.5333439111709595,0.27666640281677246,-0.010479547083377838
6,0.5352519154548645,0.2623274028301239,-0.011741815134882927
6,0.5362496376037598,0.24934571981430054,-0.012705729342997074
7,0.5138046145439148,0.34075552225112915,7.509002131200759e-08
7,0.5031002759933472,0.3244515657424927,-0.004000084940344095
7,0.49678850173950195,0.303170382976532,-0.006311689969152212
7,0.4936041831970215,0.2860488295555115,-0.008506006561219692
7,0.4906972348690033,0.2729416489601135,-0.010648501105606556
7,0.5146262049674988,0.2755735218524933,-0.002538510365411639
7,0.5166906118392944,0.25169551372528076,-0.005905171390622854
7,0.5178283452987671,0.23606783151626587,-0.009358793497085571
7,0.518702507019043,0.22304180264472961,-0.011891494505107403
7,0.5222299695014954,0.27603092789649963,-0.0034909560345113277
7,0.5272103548049927,0.24988532066345215,-0.005895453970879316
7,0.5300900340080261,0.23258373141288757,-0.008655605837702751
7,0.532414436340332,0.21871519088745117,-0.010854784399271011
7,0.5281170606613159,0.2806554138660431,-0.005147786345332861
7,0.5334306359291077,0.25686943531036377,-0.007324707694351673
7,0.5357843041419983,0.24099472165107727,-0.009224681183695793
7,0.5374984741210938,0.22768226265907288,-0.010835987515747547
7,0.5325291752815247,0.2892082929611206,-0.007352317217737436
7,0.5382067561149597,0.27256983518600464,-0.009148930199444294
7,0.5409570932388306,0.2607485055923462,-0.00982011016458273
7,0.5429829955101013,0.25033649802207947,-0.010367064736783504
8,0.5213437676429749,0.34179913997650146,4.7405276148992925e-08
8,0.508623480796814,0.3303532898426056,-0.005682334769517183
8,0.4975910484790802,0.3131309747695923,-0.00900357961654663
8,0.49024391174316406,0.2967655658721924,-0.011990713886916637
8,0.4840824604034424,0.2852250933647156,-0.014882145449519157
8,0.506149172782898,0.2813521921634674,-0.004630767274647951
8,0.5019938945770264,0.25678667426109314,-0.008949884213507175
8,0.5006799101829529,0.24126064777374268,-0.012693233788013458
8,0.4999973177909851,0.2279709279537201,-0.015464961528778076
8,0.5142809152603149,0.27780085802078247,-0.004858312662690878
8,0.5139513611793518,0.2499481439590454,-0.008424307219684124
8,0.5139679908752441,0.23241625726222992,-0.011538781225681305
8,0.5141600966453552,0.21834145486354828,-0.014045600779354572
8,0.5218852162361145,0.28039616346359253,-0.005986439064145088
8,0.5227910876274109,0.25521495938301086,-0.00963790062814951
8,0.5227737426757812,0.2391912192106247,-0.012694724835455418
8,0.5222098231315613,0.22672054171562195,-0.014894349500536919
8,0.5294467210769653,0.28769364953041077,-0.007704104762524366
8,0.5336334109306335,0.2700880765914917,-0.010562149807810783
8,0.5355414748191833,0.25756749510765076,-0.012446488253772259
8,0.5366235375404358,0.2463861107826233,-0.013920551165938377
9,0.5206575989723206,0.3389663100242615,8.697346487451796e-08
9,0.5078010559082031,0.32658371329307556,-0.004180135205388069
9,0.49781450629234314,0.30899864435195923,-0.006813800428062677
9,0.49079009890556335,0.2940899729728699,-0.009294197894632816
9,0.4843526780605316,0.2836034595966339,-0.01184105034917593
9,0.5078617930412292,0.2789645791053772,-0.004000027198344469
9,0.5049578547477722,0.25402477383613586,-0.008370735682547092
9,0.503578782081604,0.23824916779994965,-0.012125865556299686
9,0.5027974247932434,0.22488877177238464,-0.014796067960560322
9,0.5161311030387878,0.2759411931037903,-0.0051950267516076565
9,0.5162192583084106,0.24778862297534943,-0.008672635070979595
9,0.516070544719696,0.2303657978773117,-0.011825444176793098
9,0.5159518718719482,0.21593496203422546,-0.014201358892023563
9,0.5237569212913513,0.2784067690372467,-0.00708251865580678
9,0.5254635810852051,0.251404732465744,-0.01081659086048603
9,0.5253006815910339,0.23519323766231537,-0.013220073655247688
9,0.5246323943138123,0.22177481651306152,-0.014954028651118279
9,0.530982494354248,0.28585124015808105,-0.009360276162624359
9,0.5355987548828125,0.26649972796440125,-0.012730595655739307
9,0.5374897122383118,0.2536719739437103,-0.013950547203421593
9,0.5384782552719116,0.24214527010917664,-0.01470912341028452
10,0.5158061385154724,0.3395270109176636,8.32017619245562e-08
10,0.5070016980171204,0.3125608265399933,0.002785620978102088
10,0.5081014633178711,0.2878318428993225,0.004339821171015501
10,0.5090163946151733,0.2711433172225952,0.004100085236132145
10,0.510899007320404,0.2558223009109497,0.003875747323036194
10,0.5250242948532104,0.2702043950557709,0.008898206986486912
10,0.5334331393241882,0.24791356921195984,0.007225099951028824
10,0.5381263494491577,0.2328309714794159,0.004976929165422916
10,0.5419881343841553,0.21940195560455322,0.003240645630285144
10,0.5287798643112183,0.2721409499645233,0.004750736523419619
10,0.539762556552887,0.24947375059127808,0.003063184441998601
10,0.54549640417099,0.23156559467315674,0.0009089942323043942
10,0.5504058599472046,0.2158735692501068,-0.00085948605556041
10,0.5303272604942322,0.2750604748725891,-0.0002567073388490826
10,0.5411994457244873,0.25412502884864807,-0.002281780121847987
10,0.5466673374176025,0.2368149608373642,-0.0036121855955570936
10,0.5509270429611206,0.22193488478660583,-0.00460817338898778
10,0.5297669172286987,0.2788914442062378,-0.005476159509271383
10,0.5376938581466675,0.26116836071014404,-0.007440528832376003
10,0.5419008731842041,0.24699656665325165,-0.008316930383443832
10,0.5452609062194824,0.2343655824661255,-0.009085169993340969
11,0.5183985233306885,0.337014764547348,5.751271814347092e-08
11,0.508562445640564,0.31939026713371277,-0.0049055153504014015
11,0.5018135905265808,0.29733848571777344,-0.008333157747983932
11,0.4970756769180298,0.2790176272392273,-0.011640957556664944
11,0.49246472120285034,0.26484405994415283,-0.014893811196088791
11,0.518486738204956,0.26939842104911804,-0.0032375974114984274
11,0.5195692777633667,0.2449694573879242,-0.007425730582326651
11,0.5199931263923645,0.2301706224679947,-0.011371104046702385
11,0.5206963419914246,0.21823856234550476,-0.014287606813013554
11,0.5262816548347473,0.2705078423023224,-0.0042946175672113895
11,0.5309827327728271,0.24395956099033356,-0.007887191139161587
11,0.5335602760314941,0.2283206433057785,-0.011271258816123009
11,0.5358752608299255,0.21572378277778625,-0.013791147619485855
11,0.5325521230697632,0.2765277326107025,-0.006235191132873297
11,0.5389232635498047,0.2514750361442566,-0.010008664801716805
11,0.5421510338783264,0.23576807975769043,-0.012801521457731724
11,0.5445955991744995,0.22229215502738953,-0.014837405644357204
11,0.5376104712486267,0.28710436820983887,-0.008680141530930996
11,0.5447035431861877,0.2706420421600342,-0.011820055544376373
11,0.5486940741539001,0.2589433491230011,-0.013195228762924671
11,0.5516976714134216,0.24791866540908813,-0.014199556782841682
12,0.5221491456031799,0.3379689157009125,5.3843493219574157e-08
12,0.5094969868659973,0.3249770998954773,-0.005197241436690092
12,0.4989655613899231,0.30653202533721924,-0.00832512229681015
12,0.4920516014099121,0.2898293435573578,-0.011188000440597534
12,0.4862801730632782,0.277237206697464,-0.013973960652947426
12,0.5088198184967041,0.27626198530197144,-0.0040611037984490395
12,0.5056068301200867,0.2510966658592224,-0.008121351711452007
12,0.5047008991241455,0.23535138368606567,-0.011684589087963104
12,0.5043936967849731,0.22199276089668274,-0.01432518195360899
12,0.5172865986824036,0.2732224464416504,-0.004542537033557892
12,0.5181072354316711,0.24525344371795654,-0.007767177652567625
12,0.5187330842018127,0.2275407314300537,-0.010691884905099869
12,0.5194271802902222,0.21345089375972748,-0.013082471676170826
12,0.5248873233795166,0.2762605547904968,-0.005887461360543966
12,0.5266627669334412,0.2510901689529419,-0.009209224954247475
12,0.5272310376167297,0.23502512276172638,-0.01193598285317421
12,0.5272125005722046,0.22213298082351685,-0.013999191112816334
12,0.5320996642112732,0.2839011251926422,-0.007796189282089472
12,0.5368196368217468,0.26645100116729736,-0.01051988173276186
12,0.5391101241111755,0.25390931963920593,-0.01213609054684639
12,0.5405508279800415,0.2425161898136139,-0.013422940857708454
13,0.5202104449272156,0.3360518217086792,8.775987225817516e-08
13,0.5080946683883667,0.3204822540283203,-0.004511647392064333
13,0.4998500347137451,0.30088698863983154,-0.007149056065827608
13,0.49414047598838806,0.28425633907318115,-0.0096056517213583
13,0.4887222349643707,0.2718517780303955,-0.012103227898478508
13,0.5134174227714539,0.27359795570373535,-0.003658867906779051
13,0.511378288269043,0.2480268031358719,-0.007952083833515644
13,0.5105268359184265,0.23231695592403412,-0.01156720332801342
13,0.5102604031562805,0.21915361285209656,-0.014081481844186783
13,0.5218150615692139,0.2723683714866638,-0.004725914914160967
13,0.5244632959365845,0.24362002313137054,-0.008202917873859406
13,0.5258082151412964,0.2267645001411438,-0.011234805919229984
13,0.5269513130187988,0.21293018758296967,-0.013402015902101994
13,0.5287195444107056,0.27604520320892334,-0.006582541856914759
13,0.5328856706619263,0.24983955919742584,-0.010416736826300621
13,0.5344504714012146,0.23300760984420776,-0.012790030799806118
13,0.5353192090988159,0.2187255322933197,-0.014352801255881786
13,0.5344772338867188,0.28432032465934753,-0.008861975744366646
13,0.5401161909103394,0.26574626564979553,-0.012109547853469849
13,0.5425958633422852,0.2530055642127991,-0.013146827928721905
13,0.5441113710403442,0.24138568341732025,-0.013750175945460796
14,0.5170352458953857,0.33054789900779724,9.573135173468472e-08
14,0.5080010890960693,0.3108258843421936,-0.0033937355037778616
14,0.5040720105171204,0.2865772843360901,-0.004808417055755854
14,0.5023223161697388,0.2684594690799713,-0.006314127240329981
14,0.5004163980484009,0.25583547353744507,-0.007949937134981155
14,0.5245910286903381,0.2629811763763428,-0.000962655758485198
14,0.5294486284255981,0.23993799090385437,-0.0038665826432406902
14,0.532702624797821,0.2250608205795288,-0.007033344358205795
14,0.5354725122451782,0.21314187347888947,-0.009524173103272915
14,0.5316752791404724,0.26651617884635925,-0.002464336808770895
14,0.5403345823287964,0.24162383377552032,-0.004742803983390331
14,0.5446807742118835,0.22538520395755768,-0.007590347435325384
14,0.5477592945098877,0.21215450763702393,-0.00979707296937704
14,0.5365511178970337,0.2736647427082062,-0.004755488131195307
14,0.5455492734909058,0.24967187643051147,-0.007814724929630756
14,0.5497976541519165,0.233250230550766,-0.010444908402860165
14,0.5530132055282593,0.21848656237125397,-0.012416941113770008
14,0.539634108543396,0.28465917706489563,-0.007443444337695837
14,0.5479020476341248,0.27012211084365845,-0.010716082528233528
14,0.5525680184364319,0.25913405418395996,-0.012091971933841705
14,0.5563383102416992,0.24857109785079956,-0.013028137385845184
15,0.524436891078949,0.33876699209213257,1.414300943025637e-08
15,0.5128962993621826,0.3204211890697479,-0.00397572573274374
15,0.5040103793144226,0.2982288599014282,-0.0066238162107765675
15,0.4982251822948456,0.27927708625793457,-0.009403171949088573
15,0.4931219518184662,0.26505807042121887,-0.01213301345705986
15,0.51429682970047,0.2719002664089203,-0.0021621761843562126
15,0.512126088142395,0.24616768956184387,-0.006349528674036264
15,0.5113530158996582,0.23115310072898865,-0.010183358564972878
15,0.5109326839447021,0.2189420461654663,-0.012972475960850716
15,0.5222638249397278,0.2695517838001251,-0.003312439424917102
15,0.5231114625930786,0.24195989966392517,-0.0066499365493655205
15,0.5237689018249512,0.2258172333240509,-0.009699384681880474
15,0.5243672728538513,0.21344012022018433,-0.012163684703409672
15,0.5298125743865967,0.2731512486934662,-0.005354927387088537
15,0.5324249863624573,0.2463950365781784,-0.008918275125324726
15,0.5338584184646606,0.23035073280334473,-0.011671080254018307
15,0.5350210070610046,0.2178974747657776,-0.013738725334405899
15,0.5369138121604919,0.28170710802078247,-0.007868601940572262
15,0.5428784489631653,0.2651919424533844,-0.010572226718068123
15,0.5465189218521118,0.2539404630661011,-0.012054108083248138
15,0.5497480034828186,0.2441636323928833,-0.01329063344746828
16,0.5200703740119934,0.33361005783081055,7.258052647785007e-08
16,0.5085935592651367,0.3173969089984894,-0.0038186192978173494
16,0.5006906390190125,0.29611334204673767,-0.005955795291811228
16,0.4953833222389221,0.2794398367404938,-0.008026368916034698
16,0.4900279939174652,0.26752912998199463,-0.010129480622708797
16,0.5147967338562012,0.26761242747306824,-0.0020166346803307533
16,0.5135825872421265,0.2436920702457428,-0.005399808287620544
16,0.5126895308494568,0.22963373363018036,-0.008601023815572262
16,0.512129545211792,0.2176205813884735,-0.010979864746332169
16,0.5226265788078308,0.26723599433898926,-0.003268101019784808
16,0.5253663659095764,0.23966945707798004,-0.006023374851793051
16,0.5266395211219788,0.22379907965660095,-0.008751521818339825
16,0.5277408361434937,0.2105638086795807,-0.010809952393174171
16,0.5292223691940308,0.27192068099975586,-0.00530466390773654
16,0.5332869291305542,0.24605266749858856,-0.00858465489000082
16,0.5348826050758362,0.2304358184337616,-0.01074205245822668
16,0.5359095335006714,0.21687400341033936,-0.012274329550564289
16,0.5350700616836548,0.2808462679386139,-0.007752091623842716
16,0.5404065251350403,0.2624328136444092,-0.010712622664868832
16,0.5427992939949036,0.24982230365276337,-0.011679749004542828
16,0.5442966222763062,0.23796500265598297,-0.012292909435927868
17,0.5147853493690491,0.3308490812778473,8.140132479184103e-08
17,0.5083472728729248,0.3079511523246765,-0.001090247300453484
17,0.5078610777854919,0.28137266635894775,-0.001406392315402627
17,0.5085550546646118,0.26374638080596924,-0.0022670014295727015
17,0.5085073709487915,0.24969452619552612,-0.0032835444435477257
17,0.524693489074707,0.2632988691329956,0.0007862549973651767
17,0.5311212539672852,0.24018235504627228,-0.002357425866648555
17,0.5352386236190796,0.22526653110980988,-0.005361376330256462
17,0.5388329029083252,0.21324831247329712,-0.007513036951422691
17,0.5296099781990051,0.26813212037086487,-0.0017056852811947465
17,0.5389842987060547,0.24360880255699158,-0.004220066592097282
17,0.5445108413696289,0.22669966518878937,-0.006954213138669729
17,0.5491623282432556,0.2127072662115097,-0.009026111103594303
17,0.5325600504875183,0.27597349882125854,-0.004853853955864906
17,0.540767252445221,0.25323688983917236,-0.007496644742786884
17,0.5452527403831482,0.23720994591712952,-0.009587179869413376
17,0.5489969253540039,0.2237200140953064,-0.011198045685887337
17,0.5335217118263245,0.2861820161342621,-0.008311907760798931
17,0.538942813873291,0.26935070753097534,-0.010957584716379642
17,0.5416691303253174,0.25590384006500244,-0.012202445417642593
17,0.5438538193702698,0.24425813555717468,-0.013172595761716366
18,0.5195358991622925,0.3284059762954712,7.927184242362273e-08
18,0.5108745098114014,0.30842161178588867,-0.0037775542587041855
18,0.5075857639312744,0.2830992639064789,-0.005645688623189926
18,0.5067721605300903,0.2634493112564087,-0.007484755013138056
18,0.5052576065063477,0.24866265058517456,-0.009279708378016949
18,0.5268557667732239,0.261035293340683,-0.0015162992058321834
18,0.5317730903625488,0.23741528391838074,-0.004694431554526091
18,0.5350731611251831,0.22288626432418823,-0.00799082312732935
18,0.5379489064216614,0.2106945812702179,-0.01042288076132536
18,0.5340921878814697,0.26444053649902344,-0.002554311417043209
18,0.543023943901062,0.24007299542427063,-0.004808700643479824
18,0.5483853220939636,0.22457842528820038,-0.007510381285101175
18,0.5528210401535034,0.2122049331665039,-0.00958895031362772
18,0.5392290949821472,0.27189528942108154,-0.004350035451352596
18,0.5480223894119263,0.24962642788887024,-0.006439216900616884
18,0.55270916223526,0.23441246151924133,-0.008403033018112183
18,0.5564497113227844,0.2215026170015335,-0.010038926266133785
18,0.5424885749816895,0.28290867805480957,-0.0066833882592618465
18,0.5502381324768066,0.26854586601257324,-0.008421690203249454
18,0.5546820759773254,0.2575892508029938,-0.009099097922444344
18,0.5583560466766357,0.2476080060005188,-0.009657561779022217
19,0.5236743688583374,0.33212339878082275,3.340789334060901e-08
19,0.5134028792381287,0.31311964988708496,-0.004503599368035793
19,0.5061764121055603,0.29012224078178406,-0.007518025115132332
19,0.5021023154258728,0.27072516083717346,-0.010382561944425106
19,0.49864816665649414,0.25549784302711487,-0.013150354847311974
19,0.5199536681175232,0.2647515535354614,-0.00363469822332263
19,0.5207563042640686,0.23922504484653473,-0.007681168615818024
19,0.5213460922241211,0.22397758066654205,-0.011309940367937088
19,0.5219542384147644,0.21194952726364136,-0.013996037654578686
19,0.528053343296051,0.26552483439445496,-0.004561494570225477
19,0.5312473773956299,0.2387387901544571,-0.008036297746002674
19,0.5328260660171509,0.22284722328186035,-0.011127296835184097
19,0.5340083241462708,0.21023985743522644,-0.01355306152254343
19,0.5350204110145569,0.27124637365341187,-0.0062752715311944485
19,0.5407518148422241,0.24663269519805908,-0.010025018826127052
19,0.5432904362678528,0.23109708726406097,-0.0128129618242383
19,0.5448771119117737,0.21852995455265045,-0.014896492473781109
19,0.5410176515579224,0.2816181778907776,-0.008421679958701134
19,0.5482892990112305,0.2666751742362976,-0.011724083684384823
19,0.5526096820831299,0.25610631704330444,-0.013406799174845219
19,0.5560619831085205,0.24683818221092224,-0.01463522668927908
20,0.5294289588928223,0.3343068063259125,5.1750653540239e-08
20,0.5172603130340576,0.31944894790649414,-0.00516557926312089
20,0.5068762302398682,0.30019041895866394,-0.007939746603369713
20,0.5003040432929993,0.28169769048690796,-0.010486174374818802
20,0.49564239382743835,0.2665518820285797,-0.012727588415145874
20,0.5126598477363586,0.27359455823898315,-0.00300588714890182
20,0.5086429715156555,0.2485267072916031,-0.0073454068042337894
20,0.5074711441993713,0.23280350863933563,-0.01101467665284872
20,0.5069542527198792,0.2193213403224945,-0.01364729180932045
20,0.5206321477890015,0.26964810490608215,-0.0033922719303518534
20,0.5194260478019714,0.24254195392131805,-0.006949156988412142
20,0.5191556215286255,0.2249506115913391,-0.010050789453089237
20,0.5189555883407593,0.21048478782176971,-0.012456989847123623
20,0.5281971096992493,0.2713337540626526,-0.004733134061098099
20,0.5281359553337097,0.24670599400997162,-0.008297358639538288
20,0.5278028845787048,0.2310905158519745,-0.010832446627318859
20,0.5268361568450928,0.21844330430030823,-0.012647160328924656
20,0.5357836484909058,0.2777155339717865,-0.006664130836725235
20,0.5392310619354248,0.2608771324157715,-0.009587694890797138
20,0.5406419634819031,0.24849188327789307,-0.011188960634171963
20,0.5410816073417664,0.2375594526529312,-0.012346494942903519
21,0.5219825506210327,0.3359585702419281,9.391517608037248e-08
21,0.5118074417114258,0.31323352456092834,-0.0015426045283675194
21,0.5078346133232117,0.28799325227737427,-0.0023062131367623806
21,0.5068429112434387,0.2690257132053375,-0.003476365003734827
21,0.5066812038421631,0.2537184953689575,-0.0046774460934102535
21,0.5243582725524902,0.26561373472213745,0.0005346644320525229
21,0.5296229720115662,0.24066489934921265,-0.00324555323459208
21,0.5335719585418701,0.22397086024284363,-0.00687491986900568
21,0.5373677015304565,0.21044832468032837,-0.00916851032525301
21,0.53094881772995,0.2677482068538666,-0.0010465055238455534
21,0.5377741456031799,0.24265877902507782,-0.0034833045210689306
21,0.5420698523521423,0.2245028167963028,-0.005908254999667406
21,0.5457792282104492,0.2094208002090454,-0.007735477760434151
21,0.5359156727790833,0.2721996605396271,-0.003365946002304554
21,0.5427131056785583,0.24909621477127075,-0.005546618718653917
21,0.5463266372680664,0.23148342967033386,-0.006629098206758499
21,0.549081563949585,0.2165449857711792,-0.0073595717549324036
21,0.5393245816230774,0.27921417355537415,-0.006082247477024794
21,0.5446639060974121,0.2597699463367462,-0.007824303582310677
21,0.5473499894142151,0.24534732103347778,-0.008006773889064789
21,0.5493529438972473,0.2330164909362793,-0.008052235469222069
22,0.5192188024520874,0.32505837082862854,8.58338466969144e-08
22,0.5121908783912659,0.30069175362586975,-0.0004953453317284584
22,0.512661874294281,0.2757929563522339,-8.719617471797392e-05
22,0.5134474635124207,0.2589792013168335,-0.00038447100087068975
22,0.5147599577903748,0.2459130883216858,-0.0007570688612759113
22,0.5322750210762024,0.25849449634552,0.003814669093117118
22,0.5400745272636414,0.23775309324264526,0.0017035737400874496
22,0.5444380640983582,0.22295548021793365,-0.0010412890696898103
22,0.5477111339569092,0.21061602234840393,-0.0030463531147688627
22,0.5368382930755615,0.26375123858451843,0.0014503279235213995
22,0.5469089150428772,0.24238435924053192,-6.039262734702788e-05
22,0.5531474947929382,0.2266322374343872,-0.0023538877721875906
22,0.5583853125572205,0.21266674995422363,-0.004159901291131973
22,0.539153516292572,0.2707826793193817,-0.001711992546916008
22,0.5487903356552124,0.2516596019268036,-0.003624296048656106
22,0.5545637011528015,0.23654651641845703,-0.005336203146725893
22,0.559287428855896,0.22332894802093506,-0.0066243247129023075
22,0.5390363335609436,0.27858445048332214,-0.005200463812798262
22,0.5455005168914795,0.2632867991924286,-0.00685490295290947
22,0.5492543578147888,0.25127142667770386,-0.007341466844081879
22,0.5525256395339966,0.24078497290611267,-0.007793323136866093
23,0.5248827934265137,0.32641664147377014,5.40883107191803e-08
23,0.5152286291122437,0.30694013833999634,-0.004710942041128874
23,0.5090003609657288,0.2844564616680145,-0.007978443056344986
23,0.505206286907196,0.26590847969055176,-0.011120262555778027
23,0.5015932321548462,0.2514682710170746,-0.01419285498559475
23,0.5265040993690491,0.2612793445587158,-0.0035109310410916805
23,0.5294038653373718,0.23658664524555206,-0.007446055766195059
23,0.5313417911529541,0.2217479944229126,-0.011048931628465652
23,0.5332279205322266,0.21037550270557404,-0.01367870531976223
23,0.5345333218574524,0.26327499747276306,-0.004403821192681789
23,0.5406447052955627,0.23761212825775146,-0.007678569760173559
23,0.5442191362380981,0.22226132452487946,-0.010741478763520718
23,0.5471349954605103,0.21079392731189728,-0.01308004092425108
23,0.5409767031669617,0.2699572443962097,-0.006099335383623838
23,0.5492198467254639,0.24643981456756592,-0.009458424523472786
23,0.5536817908287048,0.23166637122631073,-0.012057878077030182
23,0.5569678544998169,0.21990543603897095,-0.0140139264985919
23,0.5459313988685608,0.2811063528060913,-0.0082703260704875
23,0.5540042519569397,0.26672253012657166,-0.011147677898406982
23,0.5585417747497559,0.2558056116104126,-0.012425023131072521
23,0.5619633793830872,0.24603599309921265,-0.01334819383919239
24,0.5289389491081238,0.33283132314682007,2.791298214788185e-08
24,0.5167921781539917,0.3173995614051819,-0.0040237437933683395
24,0.5066351890563965,0.29784584045410156,-0.006369404494762421
24,0.5002656579017639,0.27997443079948425,-0.008814115077257156
24,0.4950108826160431,0.2664780616760254,-0.011216606013476849
24,0.5132628679275513,0.27200666069984436,-0.002062533749267459
24,0.5094113349914551,0.24714097380638123,-0.00575708132237196
24,0.5080285668373108,0.23157796263694763,-0.009126259945333004
24,0.507619321346283,0.2184152454137802,-0.011671665124595165
24,0.5213940143585205,0.26802507042884827,-0.0029089890886098146
24,0.5203639268875122,0.2402820736169815,-0.005917996633797884
24,0.519951343536377,0.22315673530101776,-0.008771143853664398
24,0.5199020504951477,0.20945779979228973,-0.011144238524138927
24,0.5292035341262817,0.2699611783027649,-0.004585164599120617
24,0.5298276543617249,0.24424409866333008,-0.0076644630171358585
24,0.5295404195785522,0.22887301445007324,-0.010093560442328453
24,0.5287932753562927,0.21699172258377075,-0.011953272856771946
24,0.5368351936340332,0.2767927050590515,-0.006771999876946211
24,0.5406493544578552,0.2592909038066864,-0.009229231625795364
24,0.542299211025238,0.24716708064079285,-0.010648006573319435
24,0.5431100726127625,0.2364669293165207,-0.01179611124098301
25,0.5221084356307983,0.3330646753311157,9.205169249071332e-08
25,0.5129775404930115,0.3133046627044678,-0.0038414362352341413
25,0.5068713426589966,0.28972047567367554,-0.0061715031042695045
25,0.5021950602531433,0.27214956283569336,-0.008541096933186054
25,0.497456431388855,0.25902828574180603,-0.011013115756213665
25,0.5232900977134705,0.26517680287361145,-0.0027274894528090954
25,0.5269923210144043,0.24008361995220184,-0.006993764080107212
25,0.5289908051490784,0.22395001351833344,-0.010805489495396614
25,0.5308942794799805,0.2096969336271286,-0.013576860539615154
25,0.5297276377677917,0.26666274666786194,-0.003988946788012981
25,0.5353195071220398,0.2403590828180313,-0.007318712770938873
25,0.5384927988052368,0.22378940880298615,-0.010220815427601337
25,0.5413137674331665,0.20979230105876923,-0.012468383647501469
25,0.5349847078323364,0.2718624770641327,-0.006021147593855858
25,0.5409727692604065,0.24744917452335358,-0.00938920397311449
25,0.5441816449165344,0.23079781234264374,-0.010863223113119602
25,0.546629786491394,0.2166971117258072,-0.011884371750056744
25,0.5394628047943115,0.28093621134757996,-0.008557779714465141
25,0.545007050037384,0.2617153227329254,-0.011300457641482353
25,0.5475757718086243,0.24806524813175201,-0.011831038631498814
25,0.5491800904273987,0.2363916039466858,-0.012179664336144924
26,0.5211916565895081,0.32433265447616577,7.478334396182618e-08
26,0.5160732269287109,0.2963237464427948,0.0016753702657297254
26,0.5198541879653931,0.27265772223472595,0.0030102203600108624
26,0.5227019786834717,0.255706250667572,0.002805704716593027
26,0.5257596373558044,0.24069766700267792,0.0026392287109047174
26,0.5393472909927368,0.2606801390647888,0.008973640389740467
26,0.5486604571342468,0.24277251958847046,0.007691729813814163
26,0.5532575249671936,0.22787465155124664,0.005399631801992655
26,0.5570412278175354,0.21518974006175995,0.0036028907634317875
26,0.5418805480003357,0.26288291811943054,0.005539042875170708
26,0.552990734577179,0.24429704248905182,0.004646508488804102
26,0.5583853721618652,0.22817182540893555,0.002732028951868415
26,0.563200831413269,0.21382573246955872,0.0011362130753695965
26,0.5429654717445374,0.26614782214164734,0.0011500618420541286
26,0.5540207624435425,0.2488684356212616,-8.767460531089455e-05
26,0.5599675178527832,0.2337971329689026,-0.001121149049140513
26,0.5647395253181458,0.22064240276813507,-0.0020164514426141977
26,0.5423391461372375,0.27017587423324585,-0.003614515531808138
26,0.5507333278656006,0.255598247051239,-0.0046268184669315815
26,0.5554873943328857,0.24284760653972626,-0.004881706088781357
26,0.559360146522522,0.23113152384757996,-0.005278736352920532
27,0.5227643251419067,0.3235199451446533,6.455538681393591e-08
27,0.5159109234809875,0.3030920624732971,-0.004494949709624052
27,0.5135750770568848,0.2800861895084381,-0.007674769498407841
27,0.5118665099143982,0.26178035140037537,-0.010870984755456448
27,0.5093961358070374,0.24686285853385925,-0.014040081761777401
27,0.534623384475708,0.25950759649276733,-0.0024504612665623426
27,0.5413626432418823,0.23875130712985992,-0.006424364168196917
27,0.5454713702201843,0.2251392900943756,-0.010340021923184395
27,0.5488829612731934,0.21428699791431427,-0.013291824609041214
27,0.5412171483039856,0.26325172185897827,-0.003748755669221282
27,0.5502514839172363,0.2411757856607437,-0.007312530651688576
27,0.5550743937492371,0.22667159140110016,-0.010738734155893326
27,0.5587013959884644,0.2147335410118103,-0.01322634145617485
27,0.5457616448402405,0.27127665281295776,-0.005893765948712826
27,0.5562676191329956,0.25083065032958984,-0.009441168047487736
27,0.5615985989570618,0.23661071062088013,-0.011923601850867271
27,0.5657327771186829,0.22375765442848206,-0.013757728040218353
27,0.54812091588974,0.283333957195282,-0.008562803268432617
27,0.5572463274002075,0.27138060331344604,-0.011687307618558407
27,0.5626266002655029,0.26142385601997375,-0.012900498695671558
27,0.5670567750930786,0.2516798973083496,-0.013716734014451504
28,0.5300357341766357,0.33171263337135315,2.25474696691208e-08
28,0.5181325078010559,0.31470781564712524,-0.004053459502756596
28,0.5094766020774841,0.29296451807022095,-0.006239132955670357
28,0.504074215888977,0.2734214961528778,-0.008494681678712368
28,0.4987058937549591,0.2607783377170563,-0.010808504186570644
28,0.5200429558753967,0.26650500297546387,-0.0016798583092167974
28,0.5182223320007324,0.2414254993200302,-0.0048222108744084835
28,0.5181553959846497,0.22660312056541443,-0.008023553527891636
28,0.5186896920204163,0.21358999609947205,-0.010468441061675549
28,0.5287883281707764,0.2653353810310364,-0.0022817030549049377
28,0.5308811068534851,0.2376147210597992,-0.004793665837496519
28,0.532401978969574,0.2208009660243988,-0.007436648942530155
28,0.5337232947349548,0.20757009088993073,-0.009656373411417007
28,0.5362805724143982,0.2699210047721863,-0.003714866004884243
28,0.5395070910453796,0.24483910202980042,-0.006304454058408737
28,0.5407677888870239,0.2297634333372116,-0.008763257414102554
28,0.5410868525505066,0.21782150864601135,-0.010593433864414692
28,0.5430485606193542,0.27859991788864136,-0.0056636277586221695
28,0.5484583973884583,0.26173436641693115,-0.007300316356122494
28,0.5512163639068604,0.24998965859413147,-0.00840140413492918
28,0.5529046654701233,0.2394612431526184,-0.009393335320055485
29,0.5246497392654419,0.32821181416511536,7.932460022175292e-08
29,0.5150708556175232,0.30992498993873596,-0.004140550270676613
29,0.5090785622596741,0.28734076023101807,-0.006272847764194012
29,0.5056072473526001,0.2691531777381897,-0.00824726838618517
29,0.5007503628730774,0.2566663920879364,-0.010328593663871288
29,0.5253371596336365,0.26292145252227783,-0.0029533321503549814
29,0.5262033939361572,0.23883028328418732,-0.006673727184534073
29,0.5266222357749939,0.22362124919891357,-0.010028346441686153
29,0.5276790261268616,0.2106662541627884,-0.012489949353039265
29,0.5326592326164246,0.2643429934978485,-0.003985840827226639
29,0.5376195907592773,0.23806819319725037,-0.007131563499569893
29,0.5409259796142578,0.2222190946340561,-0.010042368434369564
29,0.5443465113639832,0.20952558517456055,-0.012222344987094402
29,0.5383923649787903,0.27005159854888916,-0.0057718693278729916
29,0.5449703335762024,0.24584753811359406,-0.009358301758766174
29,0.5486014485359192,0.22971108555793762,-0.011710326187312603
29,0.5516775846481323,0.21570299565792084,-0.013316888362169266
29,0.5430750250816345,0.2799170911312103,-0.007970559410750866
29,0.5498824715614319,0.2620028257369995,-0.011071416549384594
29,0.5530864000320435,0.24927671253681183,-0.012210448272526264
29,0.5552761554718018,0.2374693900346756,-0.012976136058568954
30,0.5228569507598877,0.32715708017349243,8.912471827215995e-08
30,0.5206556916236877,0.3009631037712097,-0.0002754097804427147
30,0.5240679383277893,0.2767799198627472,-0.00041704141767695546
30,0.5276981592178345,0.2587376534938812,-0.0011907409643754363
30,0.5311558246612549,0.24401700496673584,-0.001881689066067338
30,0.5398779511451721,0.26758766174316406,0.0018740042578428984
30,0.5491518378257751,0.24462750554084778,-0.0007776839775033295
30,0.5540986061096191,0.22780469059944153,-0.003380954498425126
30,0.5573063492774963,0.21416601538658142,-0.005251814145594835
30,0.5416422486305237,0.2694055736064911,-0.0007306646439246833
30,0.5522570610046387,0.24519969522953033,-0.0029575165826827288
30,0.5567559599876404,0.22676166892051697,-0.005404896568506956
30,0.5596104264259338,0.2116895169019699,-0.00724593224003911
30,0.5398608446121216,0.27220675349235535,-0.003972908947616816
30,0.5475616455078125,0.24841012060642242,-0.006951645482331514
30,0.5500383377075195,0.23045754432678223,-0.009785516187548637
30,0.5517385005950928,0.21621212363243103,-0.01169146504253149
30,0.5346781015396118,0.27559077739715576,-0.007330315187573433
30,0.5356779098510742,0.2584502398967743,-0.010026246309280396
30,0.5347289443016052,0.24911536276340485,-0.011312505230307579
30,0.5333992838859558,0.24231113493442535,-0.012197226285934448
31,0.5289365649223328,0.32717007398605347,4.516740048643442e-08
31,0.5187798142433167,0.3086051642894745,-0.005206338595598936
31,0.5117326974868774,0.28551727533340454,-0.009041808545589447
31,0.50725257396698,0.2666531205177307,-0.0127223776653409
31,0.5032029151916504,0.2522185444831848,-0.016349751502275467
31,0.5266546010971069,0.2601432204246521,-0.004847072530537844
31,0.5291047692298889,0.23532266914844513,-0.009540555067360401
31,0.530903160572052,0.22072288393974304,-0.013535704463720322
31,0.5327335000038147,0.2096191942691803,-0.016420945525169373
31,0.5351783037185669,0.2618558406829834,-0.005712877959012985
31,0.5395333170890808,0.2355235069990158,-0.00978642888367176
31,0.54222172498703,0.22051753103733063,-0.012964947149157524
31,0.5446914434432983,0.20931263267993927,-0.015339797362685204
31,0.5424115061759949,0.26880204677581787,-0.007439620327204466
31,0.5489069819450378,0.2441098541021347,-0.011602379381656647
31,0.5525767803192139,0.22994224727153778,-0.01416613906621933
31,0.555492639541626,0.21877743303775787,-0.015943722799420357
31,0.5487350225448608,0.2805955410003662,-0.009677032940089703
31,0.5567978620529175,0.2655091881752014,-0.013093682006001472
31,0.5615293383598328,0.2552739083766937,-0.014553539454936981
31,0.5654593706130981,0.24589049816131592,-0.015549331903457642
32,0.5312435626983643,0.3304468095302582,4.9839186999633966e-08
32,0.5191619992256165,0.31396785378456116,-0.0038410983979701996
32,0.5097692012786865,0.2935899794101715,-0.006048891693353653
32,0.5043377876281738,0.2754618525505066,-0.00828465260565281
32,0.4996463656425476,0.26183196902275085,-0.010371816344559193
32,0.5158365964889526,0.26980504393577576,-0.002411794615909457
32,0.5128252506256104,0.24407720565795898,-0.006310604978352785
32,0.5121601223945618,0.2281879484653473,-0.009478174149990082
32,0.5120337009429932,0.21514582633972168,-0.011706508696079254
32,0.5238681435585022,0.26733914017677307,-0.0033115027472376823
32,0.5235511660575867,0.23995864391326904,-0.006608444266021252
32,0.5239174962043762,0.22227616608142853,-0.009414919652044773
32,0.5243101716041565,0.20802214741706848,-0.011558957397937775
32,0.5315717458724976,0.26999470591545105,-0.004999782424420118
32,0.5323216319084167,0.24559053778648376,-0.008515043184161186
32,0.5324880480766296,0.23000013828277588,-0.011048554442822933
32,0.532065212726593,0.217385932803154,-0.012807703576982021
32,0.5392079949378967,0.27695661783218384,-0.007114056497812271
32,0.543533444404602,0.2606235444545746,-0.010052883997559547
32,0.5455977320671082,0.24898582696914673,-0.011579854413866997
32,0.5466997027397156,0.2386123389005661,-0.012644411064684391
33,0.5264968872070312,0.33374181389808655,1.0507287839800483e-07
33,0.5154427886009216,0.3084321618080139,-0.001523079234175384
33,0.5117107629776001,0.284273624420166,-0.0026065704878419638
33,0.5094220638275146,0.26596343517303467,-0.004352145362645388
33,0.5091589093208313,0.25069576501846313,-0.006076688878238201
33,0.5323231220245361,0.26519182324409485,0.0035285293124616146
33,0.5395204424858093,0.2437644600868225,0.0013685689773410559
33,0.5443381071090698,0.22833141684532166,-0.0020759578328579664
33,0.5480805039405823,0.21475251019001007,-0.004645669367164373
33,0.5373274683952332,0.2663741409778595,0.0022732513025403023
33,0.5460814237594604,0.24457059800624847,0.001428284915164113
33,0.5503308773040771,0.22743478417396545,-0.0012669337447732687
33,0.5538064241409302,0.21233054995536804,-0.0038151610642671585
33,0.5407888293266296,0.2697264850139618,0.00018573696434032172
33,0.5495591759681702,0.24982047080993652,-0.0003178902552463114
33,0.5533159971237183,0.2332393378019333,-0.0013989972649142146
33,0.5558138489723206,0.2189054787158966,-0.0026065995916724205
33,0.5428164005279541,0.27457866072654724,-0.002363544888794422
33,0.5492260456085205,0.2554939091205597,-0.0026512055192142725
33,0.5526617169380188,0.24164247512817383,-0.0025018288288265467
33,0.5553697347640991,0.2296697199344635,-0.002660913858562708
34,0.5231707692146301,0.3223288953304291,9.129503553140239e-08
34,0.5189627408981323,0.2944659888744354,0.0008796441834419966
34,0.5223919749259949,0.27048981189727783,0.0007088579586707056
34,0.5244137644767761,0.2547982633113861,-0.0005742607754655182
34,0.5273182392120361,0.24117913842201233,-0.0019428144441917539
34,0.5402995347976685,0.2587701082229614,0.003060784423723817
34,0.5497174859046936,0.23913554847240448,-0.0005918792448937893
34,0.5551510453224182,0.22360697388648987,-0.004128084518015385
34,0.5594875812530518,0.21071064472198486,-0.006556829437613487
34,0.542022168636322,0.26394474506378174,-0.0005099943373352289
34,0.5524990558624268,0.24267347157001495,-0.003745550289750099
34,0.5583816170692444,0.22539383172988892,-0.0066627273336052895
34,0.5633568167686462,0.2104768306016922,-0.008716700598597527
34,0.5418363809585571,0.2705098092556,-0.004677920136600733
34,0.5513620376586914,0.250146746635437,-0.007601981982588768
34,0.5568227171897888,0.2340141385793686,-0.0092761917039752
34,0.5612694025039673,0.2201101928949356,-0.010465194471180439
34,0.539287805557251,0.278137743473053,-0.009077188558876514
34,0.5452503561973572,0.26314011216163635,-0.011266178451478481
34,0.5486886501312256,0.2503534257411957,-0.011943170800805092
34,0.5515685081481934,0.23930016160011292,-0.01251207571476698
35,0.5266510248184204,0.32078787684440613,8.751300129006268e-08
35,0.5188475251197815,0.2997371256351471,-0.004702795762568712
35,0.5152881741523743,0.2757525146007538,-0.007937523536384106
35,0.5129901170730591,0.2567600905895233,-0.011054485104978085
35,0.5102261900901794,0.24227209389209747,-0.014130869880318642
35,0.5359689593315125,0.2549137771129608,-0.0032853411976248026
35,0.5425313711166382,0.23323816061019897,-0.007259864825755358
35,0.5469977855682373,0.219893217086792,-0.01104090828448534
35,0.5506982207298279,0.20924758911132812,-0.013779094442725182
35,0.5431544184684753,0.2598179876804352,-0.004337531514465809
35,0.5531628131866455,0.23856058716773987,-0.007555709686130285
35,0.5588029623031616,0.22425401210784912,-0.010707521811127663
35,0.5630699992179871,0.2125568687915802,-0.013035389594733715
35,0.5481134653091431,0.26860469579696655,-0.006210021674633026
35,0.5584519505500793,0.24837319552898407,-0.009298017248511314
35,0.5638304352760315,0.23401185870170593,-0.011636791750788689
35,0.567976713180542,0.22131168842315674,-0.013399657793343067
35,0.5510154962539673,0.2808378040790558,-0.008623081259429455
35,0.560039222240448,0.26836666464805603,-0.011315411888062954
35,0.5652705430984497,0.2581213116645813,-0.01240287534892559
35,0.5694406032562256,0.24840910732746124,-0.01313744019716978
36,0.533309817314148,0.32984793186187744,6.698296584062291e-09
36,0.5235792398452759,0.30924296379089355,-0.0023049714509397745
36,0.5168572664260864,0.2865726351737976,-0.0036235430743545294
36,0.5135176181793213,0.2665916085243225,-0.00536520779132843
36,0.5093104839324951,0.25206926465034485,-0.00682457722723484
36,0.5219515562057495,0.26172617077827454,0.001244589569978416
36,0.5198394060134888,0.2357507348060608,-0.0014249695232138038
36,0.5200483202934265,0.22140879929065704,-0.004237459506839514
36,0.5207518935203552,0.20968112349510193,-0.00639762869104743
36,0.5294172763824463,0.2601764500141144,0.00017068396846298128
36,0.5285482406616211,0.23297367990016937,-0.001654751948080957
36,0.5290471911430359,0.21754637360572815,-0.003793790005147457
36,0.5295525193214417,0.20597299933433533,-0.005769079551100731
36,0.5367986559867859,0.26404446363449097,-0.001729072886519134
36,0.5378277897834778,0.23909324407577515,-0.003778378712013364
36,0.5382764339447021,0.2258821576833725,-0.0054466743022203445
36,0.537787914276123,0.21652597188949585,-0.006854389328509569
36,0.5442771911621094,0.2724924087524414,-0.004067183006554842
36,0.5485637187957764,0.25873637199401855,-0.005473728757351637
36,0.5506439208984375,0.2486739158630371,-0.006348143797367811
36,0.5515592694282532,0.2404642254114151,-0.007173892576247454
37,0.5303192138671875,0.3260434865951538,8.463756984156134e-08
37,0.5193398594856262,0.3063793480396271,-0.004023753106594086
37,0.5117411017417908,0.28400811553001404,-0.0061044832691550255
37,0.5065205097198486,0.26614129543304443,-0.008009282872080803
37,0.501515805721283,0.2524838149547577,-0.009901341050863266
37,0.5236444473266602,0.26136985421180725,-0.003018921008333564
37,0.5230071544647217,0.23594264686107635,-0.0068259765394032
37,0.522887110710144,0.2207287847995758,-0.00992710329592228
37,0.523446798324585,0.20768606662750244,-0.012117707170546055
37,0.5319452285766602,0.2614203095436096,-0.0040231188759207726
37,0.5343102216720581,0.23330707848072052,-0.006887566298246384
37,0.5357456803321838,0.21643124520778656,-0.009489261545240879
37,0.5374324917793274,0.202606201171875,-0.011512843891978264
37,0.5391697883605957,0.2662273347377777,-0.00577677832916379
37,0.5436945557594299,0.24022896587848663,-0.009007692337036133
37,0.545783519744873,0.22423921525478363,-0.010967765003442764
37,0.5475015044212341,0.21099618077278137,-0.012426605448126793
37,0.5457400679588318,0.2753269374370575,-0.007945709861814976
37,0.5516296625137329,0.25767582654953003,-0.01075708493590355
37,0.5546216368675232,0.24530166387557983,-0.01165734138339758
37,0.5567336082458496,0.23418092727661133,-0.01227647066116333
38,0.5230967402458191,0.3245742619037628,7.711119565101399e-08
38,0.5213643908500671,0.29776817560195923,0.0014334743609651923
38,0.5244962573051453,0.2755914032459259,0.0011955873342230916
38,0.5266724228858948,0.26040923595428467,-0.0004189441096968949
38,0.5289943218231201,0.24817001819610596,-0.002154455054551363
38,0.5411481261253357,0.2625240087509155,0.0033585387282073498
38,0.5488680601119995,0.2389024794101715,0.0003750656032934785
38,0.5525723695755005,0.2225959300994873,-0.0025386230554431677
38,0.5551798939704895,0.20925062894821167,-0.0047986796125769615
38,0.5413277745246887,0.2642713189125061,-0.0006923945038579404
38,0.5506576299667358,0.24050262570381165,-0.003512423485517502
38,0.5541596412658691,0.2235354334115982,-0.006133974529802799
38,0.5564805269241333,0.21072719991207123,-0.008230078034102917
38,0.5389370918273926,0.26798516511917114,-0.0053970119915902615
38,0.5474601984024048,0.24695631861686707,-0.00805785320699215
38,0.5504828691482544,0.23088134825229645,-0.009954709559679031
38,0.5525012612342834,0.2180873602628708,-0.011572903953492641
38,0.5341317653656006,0.2732023596763611,-0.010277696885168552
38,0.5375741124153137,0.2582561671733856,-0.012563140131533146
38,0.5387228727340698,0.2485208362340927,-0.013575410470366478
38,0.5393509864807129,0.24092647433280945,-0.014566603116691113
39,0.5239871740341187,0.31736278533935547,8.585275423911298e-08
39,0.5263068675994873,0.29757577180862427,-0.004869668744504452
39,0.5306099653244019,0.2756420373916626,-0.0062294332310557365
39,0.5319576859474182,0.2560359537601471,-0.00724760489538312
39,0.5329543948173523,0.23974038660526276,-0.007943310774862766
39,0.544292151927948,0.26516374945640564,-0.0021892348304390907
39,0.5532804131507874,0.2420722246170044,-0.005403394345194101
39,0.5575300455093384,0.2268669307231903,-0.00806544441729784
39,0.5598574876785278,0.21417176723480225,-0.009929894469678402
39,0.5431164503097534,0.26380455493927,-0.0020467133726924658
39,0.554673969745636,0.2422647327184677,-0.005002222489565611
39,0.5586147308349609,0.2265453338623047,-0.007826781831681728
39,0.561045229434967,0.2130115032196045,-0.009652871638536453
39,0.5394902229309082,0.26529258489608765,-0.002746698446571827
39,0.5458847880363464,0.24323603510856628,-0.0066129351034760475
39,0.5464312434196472,0.22860801219940186,-0.010016429238021374
39,0.5466854572296143,0.21679681539535522,-0.012020064517855644
39,0.5336180925369263,0.2693994641304016,-0.0038124301936477423
39,0.5342651009559631,0.2553705871105194,-0.007556488271802664
39,0.5333566069602966,0.24631576240062714,-0.009590922854840755
39,0.5326113104820251,0.23841294646263123,-0.01072533056139946
40,0.5311406850814819,0.3303014934062958,-2.5058652042275753e-08
40,0.521990954875946,0.3086462914943695,-0.0024814927019178867
40,0.5155525803565979,0.28379887342453003,-0.004424015060067177
40,0.5120899081230164,0.2632642388343811,-0.0067669847048819065
40,0.508894681930542,0.24742491543293,-0.00913975015282631
40,0.5233002305030823,0.26426881551742554,-0.001078283879905939
40,0.5217301845550537,0.23859184980392456,-0.004873128142207861
40,0.5211533904075623,0.22433820366859436,-0.008389423601329327
40,0.5207062363624573,0.2122771143913269,-0.010909751988947392
40,0.5310109853744507,0.26342350244522095,-0.00249642226845026
40,0.531220555305481,0.23616470396518707,-0.005422778893262148
40,0.5311412811279297,0.22070616483688354,-0.007993432693183422
40,0.5303884148597717,0.208953395485878,-0.01010611280798912
40,0.5380899906158447,0.2671567499637604,-0.004641261417418718
40,0.5396819114685059,0.24170440435409546,-0.007483983878046274
40,0.5401169657707214,0.22705912590026855,-0.009255715645849705
40,0.5393787622451782,0.2159222960472107,-0.010578307323157787
40,0.5447701215744019,0.2750919759273529,-0.007174376398324966
40,0.5483051538467407,0.25744301080703735,-0.009123268537223339
40,0.5499844551086426,0.2465474009513855,-0.009756211191415787
40,0.5507124066352844,0.23736216127872467,-0.010340357199311256
41,0.5331946015357971,0.3252982497215271,7.027083626098829e-08
41,0.5215685963630676,0.3072686195373535,-0.0037411015946418047
41,0.512686550617218,0.286262571811676,-0.005386380013078451
41,0.5080538392066956,0.26758360862731934,-0.007016563788056374
41,0.5045566558837891,0.2523030936717987,-0.008340653032064438
41,0.5188298225402832,0.26557981967926025,-0.0011006691493093967
41,0.5155041813850403,0.2408343255519867,-0.004642629995942116
41,0.5146896839141846,0.22610756754875183,-0.0075768218375742435
41,0.5145271420478821,0.21311266720294952,-0.009621405974030495
41,0.5269321799278259,0.2634885609149933,-0.0018257686169818044
41,0.5265844464302063,0.23722201585769653,-0.0045293280854821205
41,0.5268275141716003,0.2209748923778534,-0.007070652209222317
41,0.5271472930908203,0.20715150237083435,-0.008977695368230343
41,0.5345290303230286,0.2663421332836151,-0.0033991162199527025
41,0.5354766249656677,0.24297863245010376,-0.00641163345426321
41,0.5356301069259644,0.2282221019268036,-0.008418569341301918
41,0.5353645086288452,0.21586142480373383,-0.009829175658524036
41,0.5420063734054565,0.27357566356658936,-0.005432884208858013
41,0.5461819171905518,0.2579557001590729,-0.007986197248101234
41,0.5483729243278503,0.24683767557144165,-0.009088286198675632
41,0.5497697591781616,0.23669078946113586,-0.009810327552258968
42,0.5290749073028564,0.3248749375343323,7.238077159854583e-08
42,0.5272725224494934,0.29787585139274597,-0.0012923609465360641
42,0.5320324897766113,0.2734721302986145,-0.0018187887035310268
42,0.5354241132736206,0.25126469135284424,-0.00278789596632123
42,0.5375185012817383,0.23392519354820251,-0.0035775131545960903
42,0.542273223400116,0.2642256021499634,0.0030690778512507677
42,0.5484247207641602,0.24293716251850128,0.0013521717628464103
42,0.5497254729270935,0.230355367064476,-0.0007902702782303095
42,0.549358606338501,0.21876713633537292,-0.0025909042451530695
42,0.5428475141525269,0.26463863253593445,0.0015561963664367795
42,0.5518795251846313,0.24101205170154572,-2.865164788090624e-05
42,0.5543724298477173,0.22602476179599762,-0.002397381467744708
42,0.5553218126296997,0.21260371804237366,-0.004514245316386223
42,0.5414627194404602,0.26713237166404724,-0.000689913344103843
42,0.549677312374115,0.2459670454263687,-0.0032324697822332382
42,0.5531376600265503,0.22958704829216003,-0.004986029118299484
42,0.5549058318138123,0.21568699181079865,-0.006334667094051838
42,0.5375204682350159,0.27104777097702026,-0.003099186345934868
42,0.5415431261062622,0.2544722557067871,-0.0051634605042636395
42,0.5437664985656738,0.2445078045129776,-0.00561139453202486
42,0.545367419719696,0.23503553867340088,-0.006111353635787964
43,0.5259168148040771,0.3148195147514343,9.563935776668586e-08
43,0.5223025679588318,0.2916596531867981,4.7332545364042744e-05
43,0.5254876017570496,0.2739693820476532,0.0005787258269265294
43,0.5291517376899719,0.2640415132045746,0.00040859365253709257
43,0.532308042049408,0.2574770152568817,0.00022754840028937906
43,0.5468307733535767,0.2599245607852936,0.005588702391833067
43,0.5572491884231567,0.24303317070007324,0.005237943958491087
43,0.563658595085144,0.23048606514930725,0.00351395714096725
43,0.5684146285057068,0.22001264989376068,0.002114730654284358
43,0.549760103225708,0.26184332370758057,0.003797711106017232
43,0.561320960521698,0.24463589489459991,0.00419055949896574
43,0.567470133304596,0.23119018971920013,0.002873507561162114
43,0.5723766088485718,0.21930250525474548,0.0016543618403375149
43,0.5507749319076538,0.26507362723350525,0.0012274108594283462
43,0.5614660978317261,0.24968034029006958,0.0016989927971735597
43,0.5667017102241516,0.23708966374397278,0.0008773244335316122
43,0.570793092250824,0.2254435271024704,-0.00015374708164017648
43,0.5502215623855591,0.2688767910003662,-0.0017438604263588786
43,0.557705283164978,0.2561224102973938,-0.0013233274221420288
43,0.5613820552825928,0.2469543069601059,-0.0011767166433855891
43,0.5643634796142578,0.23845820128917694,-0.0013390288222581148
44,0.5312835574150085,0.32679831981658936,-1.5295924526981253e-08
44,0.5231410264968872,0.30342596769332886,-0.0024567567743360996
44,0.5187379717826843,0.2780143916606903,-0.004385251551866531
44,0.5159585475921631,0.2587960362434387,-0.006745109334588051
44,0.513751745223999,0.24384552240371704,-0.00916069932281971
44,0.5307545065879822,0.257834255695343,0.00010774510155897588
44,0.5334169864654541,0.23329101502895355,-0.003673179540783167
44,0.5342740416526794,0.2199016511440277,-0.007488380651921034
44,0.5345314145088196,0.20960721373558044,-0.010091313160955906
44,0.5382214784622192,0.2607027590274811,-0.0013613360933959484
44,0.5416674017906189,0.23582543432712555,-0.004036562982946634
44,0.5424671769142151,0.2225261926651001,-0.006904001347720623
44,0.5421079993247986,0.21342091262340546,-0.00908577535301447
44,0.544651985168457,0.2678590714931488,-0.0036636909935623407
44,0.5495926141738892,0.2454843372106552,-0.006290493533015251
44,0.551516056060791,0.23205654323101044,-0.007845246233046055
44,0.5521615743637085,0.22235050797462463,-0.008891166187822819
44,0.5502280592918396,0.27830982208251953,-0.00636148639023304
44,0.5560319423675537,0.26334407925605774,-0.008217716589570045
44,0.5592933297157288,0.2527407109737396,-0.00859359186142683
44,0.5616965293884277,0.24364493787288666,-0.008827178739011288
45,0.5329003930091858,0.3261387348175049,4.7295515059886384e-08
45,0.5222068428993225,0.30722513794898987,-0.0035700637381523848
45,0.5142456889152527,0.28376612067222595,-0.005601177923381329
45,0.5086589455604553,0.2647414207458496,-0.007662656717002392
45,0.503495454788208,0.2512795925140381,-0.00958474725484848
45,0.5241184830665588,0.26228415966033936,-0.0012862239964306355
45,0.521594226360321,0.2371191680431366,-0.0046881684102118015
45,0.5205352902412415,0.22223074734210968,-0.007641714997589588
45,0.5201143622398376,0.21037550270557404,-0.00978054292500019
45,0.5318315625190735,0.2610175609588623,-0.00229352293536067
45,0.5320425629615784,0.2340400069952011,-0.005233984440565109
45,0.5321930050849915,0.21768689155578613,-0.007894361391663551
45,0.5325127243995667,0.20510822534561157,-0.009855177253484726
45,0.5389295220375061,0.26493731141090393,-0.004111187998205423
45,0.5411018133163452,0.23905377089977264,-0.00736074848100543
45,0.5419269800186157,0.22382581233978271,-0.009765335358679295
45,0.5422766804695129,0.2117345631122589,-0.011417563073337078
45,0.5458412766456604,0.2732444405555725,-0.00631193770095706
45,0.55120849609375,0.25654035806655884,-0.009062709286808968
45,0.5539308786392212,0.24432630836963654,-0.01054027583450079
45,0.5559201240539551,0.23325088620185852,-0.011560605838894844
46,0.5265181660652161,0.32777827978134155,7.941471125150201e-08
46,0.5208710432052612,0.29470252990722656,0.0011956344824284315
46,0.5224486589431763,0.27060291171073914,0.0007809448288753629
46,0.5241053104400635,0.2534133791923523,-0.0010369570227339864
46,0.5273327827453613,0.2385425716638565,-0.003065488999709487
46,0.5422838926315308,0.2599211633205414,0.003257662057876587
46,0.5515445470809937,0.23881497979164124,-0.0004725451290141791
46,0.5556721687316895,0.22313520312309265,-0.004102838225662708
46,0.5588533878326416,0.2084755301475525,-0.006968929432332516
46,0.5442413687705994,0.26385897397994995,-0.0006710515008307993
46,0.5540715456008911,0.241978257894516,-0.003977911081165075
46,0.5576264262199402,0.22538767755031586,-0.007006581407040358
46,0.5601691007614136,0.20985835790634155,-0.009554348886013031
46,0.5437873601913452,0.26971733570098877,-0.005305285099893808
46,0.5522016882896423,0.2499629408121109,-0.008621678687632084
46,0.5554791688919067,0.234318345785141,-0.01057376991957426
46,0.5576037764549255,0.2200387716293335,-0.012160549871623516
46,0.5411059856414795,0.2770307660102844,-0.010152001865208149
46,0.5455061793327332,0.26258155703544617,-0.01306718960404396
46,0.5471410751342773,0.25148823857307434,-0.01450387854129076
46,0.5481156706809998,0.24127177894115448,-0.01582082360982895
47,0.5291669368743896,0.32051149010658264,8.420180108714703e-08
47,0.5208533406257629,0.29964664578437805,-0.00458167539909482
47,0.5162981152534485,0.27532991766929626,-0.007825594395399094
47,0.5134152173995972,0.2557811737060547,-0.010959099978208542
47,0.5098932981491089,0.24181240797042847,-0.01396229024976492
47,0.5366773009300232,0.2535233795642853,-0.002776229288429022
47,0.5428382754325867,0.2305012345314026,-0.006505778059363365
47,0.5469297170639038,0.21719644963741302,-0.01015047449618578
47,0.5506229400634766,0.20715975761413574,-0.012773127295076847
47,0.5440078377723694,0.2571803331375122,-0.003664333838969469
47,0.5521436929702759,0.23276855051517487,-0.00645772460848093
47,0.5571298003196716,0.21844440698623657,-0.009082647040486336
47,0.561317503452301,0.20820848643779755,-0.011042553931474686
47,0.5495049357414246,0.26513251662254333,-0.005385905969887972
47,0.5585163831710815,0.24227717518806458,-0.007909298874437809
47,0.5634405612945557,0.22845278680324554,-0.00944509543478489
47,0.5675861239433289,0.21759995818138123,-0.010735631920397282
47,0.5533936619758606,0.2774525582790375,-0.007713837083429098
47,0.5616328716278076,0.2643643915653229,-0.009844784624874592
47,0.5663009285926819,0.25403347611427307,-0.01041338685899973
47,0.5702135562896729,0.24473462998867035,-0.01081129815429449
48,0.5338824987411499,0.3297291398048401,7.934232826301013e-09
48,0.5223191976547241,0.3099552392959595,-0.0029060908127576113
48,0.5136474370956421,0.28721052408218384,-0.004629364237189293
48,0.5087185502052307,0.26731622219085693,-0.006675136741250753
48,0.5045034289360046,0.25273072719573975,-0.00861081201583147
48,0.5216854810714722,0.2636859714984894,-0.00043307681335136294
48,0.5189913511276245,0.2373420000076294,-0.003681799164041877
48,0.5184373259544373,0.22267326712608337,-0.006739065982401371
48,0.5184551477432251,0.2101285457611084,-0.008992821909487247
48,0.5299256443977356,0.26121658086776733,-0.0015104662161320448
48,0.5298196077346802,0.232580304145813,-0.003900460433214903
48,0.5302459597587585,0.21588660776615143,-0.006310552824288607
48,0.5309374332427979,0.20283086597919464,-0.008397803641855717
48,0.5376806855201721,0.2644049823284149,-0.0034108622930943966
48,0.5388510823249817,0.23758092522621155,-0.0060312263667583466
48,0.5391895174980164,0.2219293862581253,-0.008263682946562767
48,0.5389633774757385,0.210032656788826,-0.010038494132459164
48,0.5451157689094543,0.2722468078136444,-0.00575151015073061
48,0.5499586462974548,0.2562536895275116,-0.0077360267750918865
48,0.5522142052650452,0.24488089978694916,-0.009005737490952015
48,0.5533925294876099,0.23485912382602692,-0.01009114645421505
49,0.5256634950637817,0.3284148871898651,9.702778669407053e-08
49,0.5171796679496765,0.30267077684402466,-0.0011839154176414013
49,0.5144706964492798,0.27613186836242676,-0.0011919125681743026
49,0.5136392116546631,0.2584995925426483,-0.0018177770543843508
49,0.5137755274772644,0.2444339394569397,-0.002471130108460784
49,0.5329101085662842,0.2566184103488922,0.0024686490651220083
49,0.5397425889968872,0.23198971152305603,-0.0006684206891804934
49,0.5438542366027832,0.2166125625371933,-0.003753646044060588
49,0.5474444627761841,0.2043566107749939,-0.005848115310072899
49,0.5387800931930542,0.26058751344680786,0.00044209425686858594
49,0.5480991005897522,0.2352689653635025,-0.001958161126822233
49,0.5536413192749023,0.21800518035888672,-0.004467842634767294
49,0.5584123134613037,0.20367377996444702,-0.006396878976374865
49,0.5423459410667419,0.2663034498691559,-0.0024711182340979576
49,0.5513465404510498,0.24389363825321198,-0.005148794036358595
49,0.5566889643669128,0.2275291085243225,-0.006990158464759588
49,0.5611333847045898,0.21391385793685913,-0.008229692466557026
49,0.5436052680015564,0.2742910385131836,-0.0057364157401025295
49,0.5505435466766357,0.2577550411224365,-0.008194126188755035
49,0.5543782711029053,0.24488234519958496,-0.009208998642861843
49,0.5576311349868774,0.23372295498847961,-0.00993140134960413
50,0.5246845483779907,0.3188348114490509,7.275787083926843e-08
50,0.5185118317604065,0.2963859438896179,-0.0010813804110512137
50,0.5192987322807312,0.27113109827041626,-0.001252592308446765
50,0.5206378102302551,0.2538561522960663,-0.0020813634619116783
50,0.5215823650360107,0.24101559817790985,-0.003006760263815522
50,0.5384179949760437,0.25217655301094055,0.002279485110193491
50,0.5460565090179443,0.2311539649963379,-0.0005376522312872112
50,0.5504281520843506,0.21640858054161072,-0.0036384216509759426
50,0.5540161728858948,0.20443999767303467,-0.005874426569789648
50,0.5429761409759521,0.25657814741134644,-0.00010708693298511207
50,0.5530881881713867,0.2342727929353714,-0.0019866644870489836
50,0.5592645406723022,0.21772927045822144,-0.0043318369425833225
50,0.564331591129303,0.20418818295001984,-0.006189615931361914
50,0.545564591884613,0.263935387134552,-0.0032933398615568876
50,0.5553946495056152,0.24470007419586182,-0.005293262656778097
50,0.5605038404464722,0.2292848378419876,-0.0070646218955516815
50,0.5644380450248718,0.21597498655319214,-0.008553029038012028
50,0.5459851026535034,0.2739010453224182,-0.0069000013172626495
50,0.5529247522354126,0.2610388994216919,-0.008749828673899174
50,0.556502640247345,0.24962429702281952,-0.009496567770838737
50,0.5591546893119812,0.23940983414649963,-0.010182117111980915
51,0.5241369605064392,0.3396163582801819,1.1688918988284058e-07
51,0.519088089466095,0.30484530329704285,0.0003248050343245268
51,0.5221182703971863,0.2760921120643616,0.001140482141636312
51,0.5259001851081848,0.25711962580680847,0.001148650306276977
51,0.5285708904266357,0.24149316549301147,0.0011799073545262218
51,0.5344952940940857,0.27721816301345825,0.0060766953974962234
51,0.5426955223083496,0.25946009159088135,0.005096024367958307
51,0.5485706329345703,0.24650578200817108,0.0030667209066450596
51,0.5531305074691772,0.23576699197292328,0.0016968396957963705
51,0.5388635396957397,0.2827198803424835,0.004485812969505787
51,0.547523558139801,0.26392775774002075,0.004033989273011684
51,0.5535765886306763,0.24887773394584656,0.001927342382259667
51,0.5583493709564209,0.2373495101928711,0.00027976083219982684
51,0.5414613485336304,0.2880755662918091,0.0022861661855131388
51,0.5492308139801025,0.26938867568969727,0.0018242861842736602
51,0.5547457337379456,0.2541109025478363,0.0006717360811308026
51,0.5589457750320435,0.24222636222839355,-0.00023881436209194362
51,0.5422049164772034,0.29345041513442993,-0.0001336314162472263
51,0.5484309792518616,0.2762370705604553,6.502041742351139e-06
51,0.5532066822052002,0.2631991505622864,0.00012657130719162524
51,0.5573853254318237,0.25226661562919617,5.994054299662821e-05
51,0.5254961252212524,0.31810811161994934,6.273728558880975e-08
51,0.5208742618560791,0.29281625151634216,-5.577601041295566e-05
51,0.523998498916626,0.2679687440395355,-0.00011730856203939766
51,0.52674400806427,0.2522260844707489,-0.0010256358655169606
51,0.5291483998298645,0.23916561901569366,-0.0019300264539197087
51,0.5422000288963318,0.2561536431312561,0.003218423342332244
51,0.5513971447944641,0.23615124821662903,0.0007047948311083019
51,0.5562337040901184,0.22168247401714325,-0.002029758645221591
51,0.559657096862793,0.20943230390548706,-0.004009727854281664
51,0.5452085733413696,0.2606174349784851,0.0002695561561267823
51,0.5563626289367676,0.23974590003490448,-0.0019394129049032927
51,0.5626670718193054,0.2239391952753067,-0.004417425487190485
51,0.5676760673522949,0.21018710732460022,-0.006302896421402693
51,0.5459696054458618,0.26589563488960266,-0.0033561144955456257
51,0.5561716556549072,0.24614551663398743,-0.005554818082600832
51,0.5617522597312927,0.231039360165596,-0.007286349777132273
51,0.5661184191703796,0.21782107651233673,-0.008680733852088451
51,0.5443874001502991,0.27166947722435,-0.007284449879080057
51,0.5509190559387207,0.256420373916626,-0.008855120278894901
51,0.5549910664558411,0.245088592171669,-0.009313670918345451
51,0.5581333041191101,0.2350015938282013,-0.009851038455963135
52,0.5309395790100098,0.32406431436538696,6.627989534990775e-08
52,0.5212634801864624,0.3044614791870117,-0.005028510466217995
52,0.5146085619926453,0.28172746300697327,-0.008636636659502983
52,0.510646402835846,0.26269569993019104,-0.01213050913065672
52,0.5073652863502502,0.24759073555469513,-0.015486069023609161
52,0.5321242213249207,0.2560633420944214,-0.003415412502363324
52,0.5375680327415466,0.23164409399032593,-0.007422714494168758
52,0.5411363840103149,0.21778389811515808,-0.011223645880818367
52,0.5443012714385986,0.20706185698509216,-0.013977590017020702
52,0.5393844246864319,0.25813597440719604,-0.004097922705113888
52,0.5460608005523682,0.2326204925775528,-0.007315721362829208
52,0.5502248406410217,0.21845634281635284,-0.010295307263731956
52,0.5539313554763794,0.20861703157424927,-0.012578296475112438
52,0.545403778553009,0.26426464319229126,-0.005663350690156221
52,0.5532493591308594,0.24132782220840454,-0.00869158934801817
52,0.5581371784210205,0.22838133573532104,-0.010888781398534775
52,0.5622373819351196,0.21944081783294678,-0.012552478350698948
52,0.5504626035690308,0.274793803691864,-0.007824218831956387
52,0.5579558610916138,0.259917676448822,-0.010173018090426922
52,0.5626556873321533,0.2502448558807373,-0.011094953864812851
52,0.5668032765388489,0.2422521561384201,-0.011758425273001194
53,0.5338897109031677,0.32698047161102295,4.0703810100239934e-08
53,0.5218539834022522,0.31036970019340515,-0.0036002597771584988
53,0.5124239325523376,0.290496289730072,-0.00580951664596796
53,0.5065861344337463,0.2723483145236969,-0.008191236294806004
53,0.500937819480896,0.25883638858795166,-0.010419322177767754
53,0.5184687376022339,0.2651073932647705,-0.0014737625606358051
53,0.5149097442626953,0.23942989110946655,-0.004961209371685982
53,0.5140048265457153,0.2238941788673401,-0.008010237477719784
53,0.5137513875961304,0.2111005336046219,-0.01023043692111969
53,0.526314377784729,0.2618270814418793,-0.0024142966140061617
53,0.5257687568664551,0.2340419888496399,-0.00511969393119216
53,0.5259808301925659,0.2172859162092209,-0.00760599784553051
53,0.5261260271072388,0.20432157814502716,-0.009673703461885452
53,0.5339130163192749,0.2639874517917633,-0.004180280026048422
53,0.5348435044288635,0.23885449767112732,-0.006914923898875713
53,0.534542441368103,0.2242976576089859,-0.008976034820079803
53,0.5335890054702759,0.21290619671344757,-0.010597562417387962
53,0.5414978861808777,0.2709241807460785,-0.006440585013478994
53,0.5459663271903992,0.2546739876270294,-0.008621175773441792
53,0.5478829145431519,0.24327096343040466,-0.009838202968239784
53,0.5487094521522522,0.23324359953403473,-0.010812983848154545
54,0.5333144068717957,0.323416531085968,9.833149050564316e-08
54,0.5208238959312439,0.309017539024353,-0.0048679993487894535
54,0.5108476281166077,0.2904324233531952,-0.007233071140944958
54,0.5039228796958923,0.27342796325683594,-0.009325483813881874
54,0.49794670939445496,0.25961410999298096,-0.01121093612164259
54,0.5173448324203491,0.26454341411590576,-0.0026827796828001738
54,0.5140310525894165,0.23977230489253998,-0.006698379293084145
54,0.5130608677864075,0.22436118125915527,-0.010002306662499905
54,0.5129636526107788,0.21076202392578125,-0.012336359359323978
54,0.5257508158683777,0.26150593161582947,-0.0030957788694649935
54,0.5257886648178101,0.2351939082145691,-0.006143656093627214
54,0.5262578725814819,0.21834300458431244,-0.008927708491683006
54,0.5267007350921631,0.20356102287769318,-0.011044145561754704
54,0.5334792137145996,0.2640479505062103,-0.0044293999671936035
54,0.5343395471572876,0.23968248069286346,-0.008036823011934757
54,0.5344954133033752,0.22432662546634674,-0.010382654145359993
54,0.5342226028442383,0.21104487776756287,-0.012008452787995338
54,0.5409325957298279,0.27106377482414246,-0.006242404691874981
54,0.5450873374938965,0.25431007146835327,-0.009611839428544044
54,0.5470067262649536,0.24231629073619843,-0.011093046516180038
54,0.5480176210403442,0.2311684638261795,-0.012019181624054909
55,0.5258573293685913,0.32673516869544983,1.038705121914063e-07
55,0.5155127048492432,0.3061891794204712,-0.0037563627120107412
55,0.5099341869354248,0.28153735399246216,-0.005557873286306858
55,0.5065675377845764,0.26379430294036865,-0.007334773428738117
55,0.5034450888633728,0.25008848309516907,-0.009197278879582882
55,0.5280263423919678,0.25875452160835266,-0.0022163796238601208
55,0.5317151546478271,0.23360943794250488,-0.0059303538873791695
55,0.5342704057693481,0.21814222633838654,-0.009292881935834885
55,0.5366600155830383,0.2049139142036438,-0.011680547147989273
55,0.5356670022010803,0.2615419328212738,-0.0030532279051840305
55,0.5425417423248291,0.2367376983165741,-0.006303995847702026
55,0.5472699999809265,0.21967555582523346,-0.009276529774069786
55,0.5513941049575806,0.20483681559562683,-0.011544990353286266
55,0.541326642036438,0.2678607404232025,-0.004627841059118509
55,0.5486527681350708,0.24612797796726227,-0.008083132095634937
55,0.553033709526062,0.22891008853912354,-0.010262790136039257
55,0.5567394495010376,0.2143188714981079,-0.011673133820295334
55,0.5448504686355591,0.2773188352584839,-0.006599707528948784
55,0.5513957738876343,0.26015445590019226,-0.00956585630774498
55,0.5551535487174988,0.24676981568336487,-0.010578353889286518
55,0.5583742260932922,0.2347203493118286,-0.011215238831937313
56,0.5241681933403015,0.3222728967666626,9.483571261625912e-08
56,0.5163257718086243,0.30056482553482056,-0.0025210033636540174
56,0.5153852105140686,0.2742348909378052,-0.0034644221886992455
56,0.5158207416534424,0.2564491033554077,-0.004446034319698811
56,0.5161038041114807,0.2431831955909729,-0.00537369679659605
56,0.5357815623283386,0.25742268562316895,-0.001213298412039876
56,0.5427103638648987,0.23339474201202393,-0.0042647188529372215
56,0.5468406677246094,0.21741223335266113,-0.006919359788298607
56,0.5498707890510559,0.20478814840316772,-0.008494654670357704
56,0.541403591632843,0.2635301947593689,-0.002528386190533638
56,0.5508867502212524,0.2387915402650833,-0.004774745553731918
56,0.5567399263381958,0.2212122529745102,-0.006823518313467503
56,0.5615031123161316,0.20666274428367615,-0.008136688731610775
56,0.5440603494644165,0.27154460549354553,-0.004487709142267704
56,0.5520972609519958,0.2506698966026306,-0.007110509090125561
56,0.5559630393981934,0.2352529615163803,-0.008927187882363796
56,0.5592474341392517,0.2224137783050537,-0.009840515442192554
56,0.5438393354415894,0.2798645794391632,-0.006768605671823025
56,0.5490633249282837,0.2624698877334595,-0.00898438598960638
56,0.5519762635231018,0.24949535727500916,-0.009629565291106701
56,0.5544447898864746,0.23881180584430695,-0.009799230843782425
57,0.5305150747299194,0.3242310583591461,2.453160519166886e-08
57,0.5203216671943665,0.3047693967819214,-0.003908210434019566
57,0.5132123231887817,0.28145477175712585,-0.006540587171912193
57,0.5085306763648987,0.2621639668941498,-0.009175512008368969
57,0.5038784742355347,0.24793490767478943,-0.011765466071665287
57,0.5269045233726501,0.2581319510936737,-0.0023487235885113478
57,0.5276454091072083,0.23314890265464783,-0.00594701012596488
57,0.5283121466636658,0.21804043650627136,-0.009286623448133469
57,0.528801441192627,0.20624792575836182,-0.011782161891460419
57,0.5350849628448486,0.2582334280014038,-0.0032711366657167673
57,0.5384671092033386,0.23168602585792542,-0.006459875497967005
57,0.5402029156684875,0.21690323948860168,-0.009494558908045292
57,0.541253924369812,0.20607315003871918,-0.011812696233391762
57,0.5421127080917358,0.26332804560661316,-0.004928886890411377
57,0.5478959083557129,0.23900742828845978,-0.00843893177807331
57,0.5507119297981262,0.2243804633617401,-0.01128248032182455
57,0.5525103807449341,0.21283376216888428,-0.013323658145964146
57,0.5481013655662537,0.2733144164085388,-0.006946392357349396
57,0.555448591709137,0.2590295076370239,-0.009887398220598698
57,0.5598046183586121,0.24956203997135162,-0.011400161311030388
57,0.5632692575454712,0.24130478501319885,-0.012498616240918636
58,0.5332667827606201,0.32362836599349976,6.869058921665783e-08
58,0.5212339162826538,0.30748048424720764,-0.0042755757458508015
58,0.5120255947113037,0.28617194294929504,-0.006480655167251825
58,0.5065367221832275,0.2682023048400879,-0.008533616550266743
58,0.5018090009689331,0.25430023670196533,-0.010402071289718151
58,0.5203448534011841,0.26237577199935913,-0.002649829024448991
58,0.5181143283843994,0.23667922616004944,-0.006393933668732643
58,0.517784833908081,0.2208927571773529,-0.009472978301346302
58,0.5180637836456299,0.20748339593410492,-0.011655622161924839
58,0.5286176204681396,0.2609234154224396,-0.003375021740794182
58,0.5294817090034485,0.23361477255821228,-0.0064017027616500854
58,0.5305741429328918,0.21639379858970642,-0.009116165339946747
58,0.5317521095275879,0.20225344598293304,-0.011158223263919353
58,0.5361059308052063,0.26476290822029114,-0.004906788468360901
58,0.5380591154098511,0.24048922955989838,-0.008256809785962105
58,0.5390163064002991,0.2249889373779297,-0.010650934651494026
58,0.539419412612915,0.21199136972427368,-0.012328433804214
58,0.5433184504508972,0.27283045649528503,-0.006891639903187752
58,0.5483131408691406,0.25664281845092773,-0.009695785120129585
58,0.5511269569396973,0.24561330676078796,-0.010974847711622715
58,0.5531073212623596,0.23539656400680542,-0.01186075247824192
59,0.5315295457839966,0.32003286480903625,9.420966762263561e-08
59,0.5199582576751709,0.30481311678886414,-0.0043326024897396564
59,0.5116118788719177,0.2843666672706604,-0.0065154824405908585
59,0.5062782764434814,0.26615315675735474,-0.008419312536716461
59,0.5006477236747742,0.25406748056411743,-0.010376670397818089
59,0.5237392783164978,0.2575543522834778,-0.0034263026900589466
59,0.5231018662452698,0.23328743875026703,-0.006934001576155424
59,0.5233171582221985,0.2181726098060608,-0.009987720288336277
59,0.5241278409957886,0.20562618970870972,-0.012269971892237663
59,0.5324797034263611,0.256953626871109,-0.004224187694489956
59,0.5351047515869141,0.23035797476768494,-0.006913967430591583
59,0.5372578501701355,0.21432994306087494,-0.009632819332182407
59,0.5396663546562195,0.20176532864570618,-0.01174213457852602
59,0.5400473475456238,0.2617543935775757,-0.005731167271733284
59,0.5439823269844055,0.23671260476112366,-0.009291189722716808
59,0.5461637377738953,0.22128690779209137,-0.01193300262093544
59,0.5482390522956848,0.20846524834632874,-0.013829144649207592
59,0.5466418266296387,0.2713204026222229,-0.007580061908811331
59,0.5527114272117615,0.2552014887332916,-0.011338827200233936
59,0.5562065839767456,0.24403339624404907,-0.013047785498201847
59,0.5591164231300354,0.23393197357654572,-0.014095978811383247
60,0.5289400219917297,0.3189099133014679,9.979656567793427e-08
60,0.5191925168037415,0.2982727289199829,-0.004410270601511002
60,0.5151944160461426,0.27417558431625366,-0.0056115672923624516
60,0.5136960744857788,0.25498560070991516,-0.0065674446523189545
60,0.5119598507881165,0.2412249743938446,-0.007562822196632624
60,0.5363690257072449,0.25328341126441956,-0.001469375565648079
60,0.5426499247550964,0.23079001903533936,-0.004072356037795544
60,0.5462683439254761,0.21597668528556824,-0.006871392484754324
60,0.5495964288711548,0.20394554734230042,-0.009045501239597797
60,0.5440402626991272,0.25827696919441223,-0.0019270023331046104
60,0.5537864565849304,0.23513296246528625,-0.003760003251954913
60,0.5596765279769897,0.21976019442081451,-0.006210555788129568
60,0.5648741126060486,0.20742711424827576,-0.00825310405343771
60,0.5493258833885193,0.26629284024238586,-0.003238618141040206
60,0.5587754845619202,0.2460397183895111,-0.00606189388781786
60,0.5641736388206482,0.231705442070961,-0.008545593358576298
60,0.5686429738998413,0.21955463290214539,-0.010356326587498188
60,0.5523499250411987,0.27715519070625305,-0.00501975417137146
60,0.5606818199157715,0.26472631096839905,-0.008130578324198723
60,0.5657921433448792,0.25507429242134094,-0.009574837982654572
60,0.5702301263809204,0.24615907669067383,-0.010524047538638115
61,0.5302925109863281,0.3202613592147827,7.334340779152626e-08
61,0.5209863781929016,0.3008096218109131,-0.004959980491548777
61,0.5153442621231079,0.2768532335758209,-0.007945218123495579
61,0.511987030506134,0.2576698958873749,-0.010636141523718834
61,0.5089358687400818,0.24330736696720123,-0.013283243402838707
61,0.5323407053947449,0.25483959913253784,-0.0043385871686041355
61,0.5357412695884705,0.23063859343528748,-0.0084028709679842
61,0.5382977724075317,0.21587613224983215,-0.011949034407734871
61,0.5408565998077393,0.20407253503799438,-0.014552145265042782
61,0.5411602258682251,0.25773802399635315,-0.005090744700282812
61,0.5489647388458252,0.23368734121322632,-0.008238796144723892
61,0.5535876750946045,0.21890851855278015,-0.011145368218421936
61,0.5575205087661743,0.20709188282489777,-0.013414553366601467
61,0.5478668808937073,0.265200674533844,-0.006625105626881123
61,0.5563035607337952,0.24346938729286194,-0.009954686276614666
61,0.5606730580329895,0.22993309795856476,-0.012360646389424801
61,0.5639967918395996,0.21867549419403076,-0.014188642613589764
61,0.5527684688568115,0.2766985595226288,-0.00866149365901947
61,0.5612613558769226,0.26386383175849915,-0.01169341616332531
61,0.5661600828170776,0.2540791928768158,-0.01299996767193079
61,0.5700393915176392,0.24495390057563782,-0.013912084512412548
62,0.5344146490097046,0.3226126432418823,5.7232156791542366e-08
62,0.5230942964553833,0.3041682243347168,-0.003825817024335265
62,0.5154056549072266,0.28189826011657715,-0.0058389208279550076
62,0.5108861923217773,0.2626829445362091,-0.007765346672385931
62,0.506623387336731,0.2482438087463379,-0.009521091356873512
62,0.5243275761604309,0.25870999693870544,-0.0016480576014146209
62,0.5229571461677551,0.23312467336654663,-0.004934182856231928
62,0.5233476161956787,0.2174019068479538,-0.007878758944571018
62,0.5241708159446716,0.2043287605047226,-0.010023802518844604
62,0.5326359868049622,0.25835564732551575,-0.0023153871297836304
62,0.535137951374054,0.23194089531898499,-0.004736384376883507
62,0.5372329354286194,0.21520668268203735,-0.007267365697771311
62,0.5391024351119995,0.20176750421524048,-0.009323563426733017
62,0.5398894548416138,0.26316598057746887,-0.003781004808843136
62,0.5429173111915588,0.23982274532318115,-0.006449330132454634
62,0.5447125434875488,0.22493019700050354,-0.008811301551759243
62,0.5456590056419373,0.21255899965763092,-0.010606452822685242
62,0.5465459227561951,0.27191436290740967,-0.00568890105932951
62,0.5520960092544556,0.2571411430835724,-0.007796181831508875
62,0.5552689433097839,0.2466510683298111,-0.008997985161840916
62,0.5575366616249084,0.23686257004737854,-0.00996322650462389
63,0.535505473613739,0.32082056999206543,9.909062725910189e-08
63,0.5246346592903137,0.3046962022781372,-0.004789192229509354
63,0.5171573162078857,0.2842651307582855,-0.007004748564213514
63,0.5125195384025574,0.2662384808063507,-0.00894338171929121
63,0.507929801940918,0.251935213804245,-0.010642948560416698
63,0.5242829918861389,0.2594243586063385,-0.002580562373623252
63,0.5222944617271423,0.23378632962703705,-0.006481802556663752
63,0.5220341086387634,0.21778836846351624,-0.009719107300043106
63,0.5226038694381714,0.20405909419059753,-0.011969588696956635
63,0.5325963497161865,0.25817200541496277,-0.0029621857684105635
63,0.5340219736099243,0.23177674412727356,-0.005806094966828823
63,0.5356273651123047,0.21466466784477234,-0.008552923798561096
63,0.5371467471122742,0.200241819024086,-0.010592338629066944
63,0.5399552583694458,0.2623474597930908,-0.004231156315654516
63,0.5419003367424011,0.23884373903274536,-0.007439867127686739
63,0.5430353283882141,0.22385801374912262,-0.009703025221824646
63,0.5436357855796814,0.2110893428325653,-0.011296548880636692
63,0.5467545986175537,0.270689457654953,-0.0059997509233653545
63,0.5512958765029907,0.25531142950057983,-0.008865044452250004
63,0.5537116527557373,0.24440133571624756,-0.010068091563880444
63,0.555386483669281,0.23418578505516052,-0.010826428420841694
64,0.5283087491989136,0.32102322578430176,1.1485667528177146e-07
64,0.5186569094657898,0.300279825925827,-0.005099296569824219
64,0.5131173133850098,0.27552542090415955,-0.007246399763971567
64,0.5101094841957092,0.25696858763694763,-0.009052491746842861
64,0.5072162747383118,0.24265187978744507,-0.010918854735791683
64,0.5339410901069641,0.2556036710739136,-0.0035049489233642817
64,0.5397338271141052,0.2318423092365265,-0.007298637181520462
64,0.5432320237159729,0.21678370237350464,-0.010833044536411762
64,0.5465342998504639,0.2034280002117157,-0.013444219715893269
64,0.5413676500320435,0.25971782207489014,-0.0038239737041294575
64,0.5510088801383972,0.23626063764095306,-0.007001680787652731
64,0.5569401383399963,0.2202298939228058,-0.010116026736795902
64,0.5621248483657837,0.205999493598938,-0.012593068182468414
64,0.546388566493988,0.2667654752731323,-0.004947282373905182
64,0.5551649928092957,0.24537816643714905,-0.008523955941200256
64,0.5602168440818787,0.22900104522705078,-0.01102417055517435
64,0.5644839406013489,0.214617058634758,-0.012762757949531078
64,0.5494310855865479,0.2768392264842987,-0.006555507425218821
64,0.5570095181465149,0.2610326111316681,-0.009796244092285633
64,0.5614270567893982,0.2486424744129181,-0.011124961078166962
64,0.5651151537895203,0.23689159750938416,-0.012058747932314873
